{"stats":{"minecraft:custom":{"minecraft:time_since_rest":11115,"minecraft:damage_taken":780,"minecraft:crouch_one_cm":782,"minecraft:play_time":32337,"minecraft:sprint_one_cm":53609,"minecraft:walk_one_cm":40152,"minecraft:deaths":2,"minecraft:sneak_time":390,"minecraft:walk_under_water_one_cm":445,"minecraft:drop":1,"minecraft:jump":489,"minecraft:leave_game":4,"minecraft:walk_on_water_one_cm":534,"minecraft:time_since_death":11090,"minecraft:total_world_time":32337,"minecraft:swim_one_cm":7248,"minecraft:fall_one_cm":18551,"minecraft:fly_one_cm":31750},"minecraft:picked_up":{"minecraft:wheat_seeds":8,"twigs:bamboo_leaves":1,"minecraft:bamboo":14,"minecraft:oak_sapling":1,"minecraft:dirt":55},"minecraft:mined":{"minecraft:podzol":1,"minecraft:grass":56,"minecraft:grass_block":26,"minecraft:poppy":1,"minecraft:dirt":30,"regions_unexplored:medium_grass":2,"minecraft:oak_leaves":22,"minecraft:fern":1},"minecraft:used":{"minecraft:dirt":53},"minecraft:killed_by":{"minecraft:skeleton":1},"minecraft:dropped":{"minecraft:bamboo":14}},"DataVersion":3465}