{"stats":{"minecraft:mined":{"minecraft:podzol":1,"minecraft:grass":56,"minecraft:grass_block":26,"minecraft:poppy":1,"minecraft:dirt":30,"regions_unexplored:medium_grass":2,"minecraft:oak_leaves":22,"minecraft:fern":1},"minecraft:dropped":{"minecraft:bamboo":14},"minecraft:picked_up":{"minecraft:wheat_seeds":8,"twigs:bamboo_leaves":1,"minecraft:bamboo":14,"minecraft:oak_sapling":1,"minecraft:dirt":55},"minecraft:used":{"minecraft:dirt":53},"minecraft:killed_by":{"minecraft:skeleton":1},"minecraft:custom":{"minecraft:open_chest":1,"minecraft:time_since_rest":39508,"minecraft:damage_taken":780,"minecraft:crouch_one_cm":848,"minecraft:play_time":60730,"minecraft:sprint_one_cm":53928,"minecraft:walk_one_cm":40948,"minecraft:deaths":2,"minecraft:sneak_time":1779,"minecraft:walk_under_water_one_cm":3138,"minecraft:drop":1,"minecraft:jump":504,"minecraft:damage_dealt":25,"minecraft:leave_game":8,"minecraft:walk_on_water_one_cm":1236,"minecraft:time_since_death":39483,"minecraft:total_world_time":60730,"minecraft:swim_one_cm":7696,"minecraft:fall_one_cm":18551,"minecraft:fly_one_cm":1504358}},"DataVersion":3465}