{"stats":{"minecraft:mined":{"minecraft:grass":1,"minecraft:grass_block":2,"minecraft:oak_leaves":3},"minecraft:custom":{"minecraft:jump":35,"minecraft:time_since_rest":6160,"minecraft:sprint_one_cm":5570,"minecraft:leave_game":2,"minecraft:play_time":6160,"minecraft:damage_taken":80,"minecraft:time_since_death":6160,"minecraft:walk_one_cm":1179,"minecraft:total_world_time":6160,"minecraft:fall_one_cm":2574,"minecraft:fly_one_cm":3736},"minecraft:used":{"minecraft:dirt":2},"minecraft:picked_up":{"minecraft:wheat_seeds":1,"minecraft:dirt":2}},"DataVersion":3465}