{"stats":{"minecraft:custom":{"minecraft:time_since_rest":5353,"minecraft:crouch_one_cm":389,"minecraft:play_time":5353,"minecraft:sprint_one_cm":17298,"minecraft:damage_taken":80,"minecraft:walk_one_cm":9857,"minecraft:sneak_time":91,"minecraft:walk_under_water_one_cm":156,"minecraft:mob_kills":1,"minecraft:drop":14,"minecraft:jump":29,"minecraft:damage_dealt":50,"minecraft:walk_on_water_one_cm":1661,"minecraft:time_since_death":5353,"minecraft:total_world_time":5353,"minecraft:swim_one_cm":1138,"minecraft:interact_with_crafting_table":1,"minecraft:fall_one_cm":627,"minecraft:fly_one_cm":40140},"minecraft:killed":{"minecraft:chicken":1},"minecraft:mined":{"minecraft:grass":1,"minecraft:grass_block":15,"minecraft:oak_log":1},"minecraft:dropped":{"minecraft:ocelot_spawn_egg":64,"minecraft:magma_cube_spawn_egg":64,"minecraft:mule_spawn_egg":64,"minecraft:polar_bear_spawn_egg":64,"minecraft:glow_squid_spawn_egg":64},"minecraft:picked_up":{"minecraft:chicken":1,"minecraft:oak_log":1,"minecraft:dirt":15},"minecraft:used":{"minecraft:glow_squid_spawn_egg":9,"minecraft:ocelot_spawn_egg":12,"minecraft:dirt":15,"minecraft:crafting_table":1,"minecraft:mule_spawn_egg":12,"minecraft:polar_bear_spawn_egg":12,"minecraft:piglin_brute_spawn_egg":15},"minecraft:crafted":{"minecraft:oak_planks":4,"minecraft:crafting_table":1}},"DataVersion":3465}