{"stats":{"minecraft:custom":{"minecraft:jump":108,"minecraft:time_since_rest":11884,"minecraft:crouch_one_cm":116,"minecraft:damage_dealt":52,"minecraft:walk_on_water_one_cm":1371,"minecraft:sprint_one_cm":10380,"minecraft:play_time":11884,"minecraft:damage_taken":280,"minecraft:time_since_death":11884,"minecraft:walk_one_cm":17604,"minecraft:sneak_time":867,"minecraft:total_world_time":11884,"minecraft:walk_under_water_one_cm":1434,"minecraft:drop":21,"minecraft:swim_one_cm":2143,"minecraft:fall_one_cm":5578,"minecraft:fly_one_cm":443455},"minecraft:used":{"minecraft:dirt":1},"minecraft:picked_up":{"minecraft:redstone":21,"minecraft:dirt":1},"minecraft:mined":{"minecraft:grass_block":1},"minecraft:dropped":{"minecraft:redstone":21}},"DataVersion":3465}