{"stats":{"minecraft:mined":{"minecraft:grass_block":1},"minecraft:dropped":{"minecraft:redstone":21},"minecraft:picked_up":{"minecraft:redstone":21,"minecraft:dirt":1},"minecraft:used":{"minecraft:dirt":1},"minecraft:custom":{"minecraft:jump":153,"minecraft:time_since_rest":29149,"minecraft:damage_taken":280,"minecraft:leave_game":1,"minecraft:damage_dealt":52,"minecraft:crouch_one_cm":334,"minecraft:sprint_one_cm":14753,"minecraft:play_time":29149,"minecraft:time_since_death":29149,"minecraft:walk_on_water_one_cm":1699,"minecraft:walk_one_cm":18862,"minecraft:sneak_time":2009,"minecraft:total_world_time":29149,"minecraft:walk_under_water_one_cm":1434,"minecraft:swim_one_cm":2143,"minecraft:drop":21,"minecraft:fall_one_cm":5578,"minecraft:fly_one_cm":1252184}},"DataVersion":3465}