{
  "minecraft:recipes/decorations/crafting_table": {
    "criteria": {
      "unlock_right_away": "2024-07-19 23:19:12 +0000"
    },
    "done": true
  },
  "mekanism:root": {
    "criteria": {
      "automatic": "2024-07-19 23:19:12 +0000"
    },
    "done": true
  },
  "iceandfire:iceandfire/root": {
    "criteria": {
      "tick": "2024-07-19 23:19:12 +0000"
    },
    "done": true
  },
  "betterdungeons:root": {
    "criteria": {
      "always": "2024-07-19 23:19:12 +0000"
    },
    "done": true
  },
  "mythicmobs:mythicmobs": {
    "criteria": {
      "tick": "2024-07-19 23:19:12 +0000"
    },
    "done": true
  },
  "rpg_series:root": {
    "criteria": {
      "always": "2024-07-19 23:19:12 +0000"
    },
    "done": true
  },
  "morevillagers:root": {
    "criteria": {
      "always": "2024-07-19 23:19:12 +0000"
    },
    "done": true
  },
  "the_bumblezone:root": {
    "criteria": {
      "instant_granted": "2024-07-19 23:19:12 +0000"
    },
    "done": true
  },
  "cataclysm:root": {
    "criteria": {
      "custom_test_name": "2024-07-19 23:19:12 +0000"
    },
    "done": true
  },
  "the_bumblezone:wiki": {
    "criteria": {
      "instant_granted": "2024-07-19 23:19:12 +0000"
    },
    "done": true
  },
  "regions_unexplored:parent": {
    "criteria": {
      "load_in_world": "2024-07-19 23:19:13 +0000"
    },
    "done": true
  },
  "minecraft:adventure/adventuring_time": {
    "criteria": {
      "minecraft:river": "2024-07-19 23:22:59 +0000",
      "minecraft:forest": "2024-07-19 23:19:13 +0000",
      "minecraft:plains": "2024-07-19 23:22:57 +0000"
    },
    "done": false
  },
  "mutantmonsters:root": {
    "criteria": {
      "killed_by_something": "2024-07-19 23:19:52 +0000"
    },
    "done": true
  },
  "minecraft:adventure/root": {
    "criteria": {
      "killed_by_something": "2024-07-19 23:19:52 +0000"
    },
    "done": true
  },
  "create:root": {
    "criteria": {
      "0": "2024-07-19 23:22:46 +0000"
    },
    "done": true
  },
  "ae2wtlib:recipes/wireless_universal_terminal/upgrade_pattern_access": {
    "criteria": {
      "has_wit": "2024-07-19 23:22:46 +0000"
    },
    "done": true
  },
  "naturalist:recipes/food/cooked_egg": {
    "criteria": {
      "has_eggs": "2024-07-19 23:22:46 +0000"
    },
    "done": true
  },
  "cfm:recipes/decorations/stripped_crimson_crate": {
    "criteria": {
      "has_log": "2024-07-19 23:22:46 +0000"
    },
    "done": true
  },
  "cfm:recipes/decorations/stripped_crimson_bedside_cabinet": {
    "criteria": {
      "has_log": "2024-07-19 23:22:46 +0000"
    },
    "done": true
  },
  "ae2wtlib:recipes/wireless_universal_terminal/upgrade_crafting": {
    "criteria": {
      "has_wct": "2024-07-19 23:22:46 +0000"
    },
    "done": true
  },
  "ae2wtlib:recipes/wireless_pattern_access_terminal": {
    "criteria": {
      "has_wt": "2024-07-19 23:22:46 +0000"
    },
    "done": true
  },
  "cfm:recipes/decorations/stripped_crimson_kitchen_sink_light": {
    "criteria": {
      "has_bottom": "2024-07-19 23:22:46 +0000"
    },
    "done": true
  },
  "immersive_armors:recipes/misc/wooden": {
    "criteria": {
      "has_item": "2024-07-19 23:22:46 +0000"
    },
    "done": true
  },
  "ae2wtlib:recipes/wireless_pattern_encoding_terminal": {
    "criteria": {
      "has_wt": "2024-07-19 23:22:46 +0000"
    },
    "done": true
  },
  "minecraft:recipes/decorations/crimson_hanging_sign": {
    "criteria": {
      "has_stripped_logs": "2024-07-19 23:22:46 +0000"
    },
    "done": true
  },
  "regions_unexplored:regions_explored": {
    "criteria": {
      "maple_forest": "2024-07-19 23:23:53 +0000",
      "magnolia_highlands": "2024-07-19 23:22:52 +0000"
    },
    "done": false
  },
  "cfm:recipes/decorations/stripped_crimson_kitchen_counter": {
    "criteria": {
      "has_planks": "2024-07-19 23:22:46 +0000"
    },
    "done": true
  },
  "regions_unexplored:pioneer": {
    "criteria": {
      "maple_forest": "2024-07-19 23:23:53 +0000",
      "magnolia_highlands": "2024-07-19 23:22:52 +0000"
    },
    "done": false
  },
  "cfm:recipes/decorations/stripped_crimson_coffee_table": {
    "criteria": {
      "has_log": "2024-07-19 23:22:46 +0000"
    },
    "done": true
  },
  "cfm:recipes/decorations/stripped_crimson_chair": {
    "criteria": {
      "has_log": "2024-07-19 23:22:46 +0000"
    },
    "done": true
  },
  "ae2wtlib:recipes/magnet_card": {
    "criteria": {
      "has_wct": "2024-07-19 23:22:46 +0000"
    },
    "done": true
  },
  "minecraft:recipes/building_blocks/crimson_planks": {
    "criteria": {
      "has_logs": "2024-07-19 23:22:46 +0000"
    },
    "done": true
  },
  "cfm:recipes/decorations/stripped_crimson_blinds": {
    "criteria": {
      "has_log": "2024-07-19 23:22:46 +0000"
    },
    "done": true
  },
  "ae2wtlib:recipes/wireless_universal_terminal/upgrade_pattern_encoding": {
    "criteria": {
      "has_wpt": "2024-07-19 23:22:46 +0000"
    },
    "done": true
  },
  "ae2wtlib:recipes/wireless_universal_terminal/ce": {
    "criteria": {
      "has_wpt": "2024-07-19 23:22:46 +0000",
      "has_wct": "2024-07-19 23:22:46 +0000"
    },
    "done": true
  },
  "ae2wtlib:recipes/wireless_universal_terminal/ca": {
    "criteria": {
      "has_wit": "2024-07-19 23:22:46 +0000",
      "has_wct": "2024-07-19 23:22:46 +0000"
    },
    "done": true
  },
  "ae2wtlib:recipes/wireless_universal_terminal/ae": {
    "criteria": {
      "has_wit": "2024-07-19 23:22:46 +0000",
      "has_wpt": "2024-07-19 23:22:46 +0000"
    },
    "done": true
  },
  "minecraft:recipes/building_blocks/stripped_crimson_hyphae": {
    "criteria": {
      "has_log": "2024-07-19 23:22:46 +0000"
    },
    "done": true
  },
  "securitycraft:recipes/misc/sc_manual": {
    "criteria": {
      "has_wood": "2024-07-19 23:22:46 +0000"
    },
    "done": true
  },
  "cfm:recipes/decorations/stripped_crimson_kitchen_drawer": {
    "criteria": {
      "has_planks": "2024-07-19 23:22:46 +0000"
    },
    "done": true
  },
  "ae2wtlib:recipes/quantum_bridge_card": {
    "criteria": {
      "has_wit": "2024-07-19 23:22:46 +0000",
      "has_wpt": "2024-07-19 23:22:46 +0000",
      "has_wct": "2024-07-19 23:22:46 +0000"
    },
    "done": true
  },
  "cfm:recipes/decorations/stripped_crimson_desk_cabinet": {
    "criteria": {
      "has_log": "2024-07-19 23:22:46 +0000"
    },
    "done": true
  },
  "cfm:recipes/decorations/stripped_crimson_kitchen_sink_dark": {
    "criteria": {
      "has_bottom": "2024-07-19 23:22:46 +0000"
    },
    "done": true
  },
  "cfm:recipes/decorations/stripped_crimson_desk": {
    "criteria": {
      "has_log": "2024-07-19 23:22:46 +0000"
    },
    "done": true
  },
  "cfm:recipes/decorations/stripped_crimson_table": {
    "criteria": {
      "has_log": "2024-07-19 23:22:46 +0000"
    },
    "done": true
  },
  "cfm:recipes/decorations/stripped_crimson_upgraded_gate": {
    "criteria": {
      "has_log": "2024-07-19 23:22:46 +0000"
    },
    "done": true
  },
  "the_bumblezone:teleportation/is_near_beehive": {
    "criteria": {
      "is_near_beehive": "2024-07-19 23:22:22 +0000"
    },
    "done": true
  },
  "cfm:recipes/decorations/stripped_crimson_cabinet": {
    "criteria": {
      "has_planks": "2024-07-19 23:22:46 +0000"
    },
    "done": true
  },
  "cfm:recipes/decorations/stripped_crimson_upgraded_fence": {
    "criteria": {
      "has_log": "2024-07-19 23:22:46 +0000"
    },
    "done": true
  },
  "cfm:recipes/decorations/stripped_crimson_park_bench": {
    "criteria": {
      "has_planks": "2024-07-19 23:22:46 +0000"
    },
    "done": true
  },
  "DataVersion": 3465
}